1,Eviciti Corp,2016/03/09:04:50:23,Lorem ipsum dolor sit amet,1
2,Lindley Mechanical Services,2016/04/04:09:32:28,consectetur adipisicing elit. Dicta temporibus voluptatem,2
3,Cyberjunkstore.com,2015/08/01:05:59:34,incidunt accusamus magnam nisi dolorum quaerat delectus esse cupiditate hic pariatur itaque tempore at,3
4,High Tides,2015/08/13:10:27:31,officiis similique veniam explicabo? Sapiente blanditiis perferendis repellendus quae adipisci sed minima,4
6,William Morgan Jr,2016/01/17:05:59:32,assumenda,6
7,Midnightsocietyrock.com,2015/08/12:08:00:05,vel officia expedita? Minima repellendus a autem neque,7
8,Metro Community Ministries,2015/02/14:06:53:02,aspernatur tempore libero ducimus distinctio,8
9,George Armes,2015/02/25:03:05:03,nobis vitae,9
10,This-N-That Country Store,2016/01/13:03:18:01,doloribus fuga magnam consequuntur. Explicabo amet officiis reprehenderit sit nesciunt nam! Omnis,10
11,Airline Seat Shop,2016/02/02:10:48:23,deleniti nemo sit ipsa,11
12,Brushy Mountain Market,2015/12/04:07:07:07,quaerat amet quas inventore earum laborum asperiores maiores fugiat voluptatibus. Minus officiis laborum rem in dolores et,12
13,Atsuko Jozaki,2015/08/18:05:48:52,nihil quos asperiores illum distinctio beatae aspernatur nam,13
14,Meldisco 2100 Carlisle Ave NE,2016/03/30:07:57:16,ad itaque magni delectus minima ipsam veniam aperiam,14
15,Blue Sky Enterprises,2015/11/14:09:29:51,dolorum repudiandae sit. Eligendi vero cum,15
16,R Enterprises,2015/08/23:11:32:54,at maxime consequatur natus soluta odit fugiat doloribus veritatis praesentium magnam ea voluptatibus,16
17,Baker,2015/08/09:08:33:15,alias beatae facilis unde! Tenetur commodi esse illo cumque dolor maiores omnis,17
18,Dillards 729,2016/04/28:03:29:04,iusto vitae aliquam distinctio eos quae sapiente at voluptate ipsa vel doloribus dolores explicabo libero? Illum explicabo,18
19,Jennifer Excell,2016/04/27:02:06:25,beatae sunt quas placeat id,19
20,Hunter Enterprises,2016/04/15:11:29:18,cum provident! Delectus tempora eaque natus iusto repudiandae neque aut exercitationem voluptatem. Architecto natus asperiores accusantium a,20
21,Team Associates International,2015/02/28:07:49:32,saepe beatae,21
22,George Nunnally Chevrolet,2016/04/05:09:24:40,harum est ullam minima rerum,22
23,Micro Fab Inc,2015/09/09:11:55:47,necessitatibus obcaecati odio dicta,23
24,Quickexcape,2016/03/01:10:23:49,commodi ut culpa recusandae eius! Cumque vel error culpa. Laudantium blanditiis sunt,24
25,Morgan Consulting,2015/07/02:01:25:32,magni velit hic quas alias dolorum deleniti odit quos aperiam perferendis facere a,25
26,The Business Money Co,2015/09/21:06:48:00,aspernatur delectus corporis voluptatem perspiciatis numquam,26
27,Seacoast School Of Technology,2015/10/20:01:09:45,culpa quidem praesentium maxime quae. Animi,27
28,Optimal Solutions,2016/03/23:03:51:58,eos nesciunt. Et perferendis officiis quo quasi,28
29,C F M No 14002,2015/10/22:08:29:57,sunt nesciunt labore tenetur,29
30,Foodsales,2015/03/15:08:52:33,esse velit voluptate veniam laudantium earum quibusdam ullam,30
31,Bell Supply,2015/10/29:07:39:53,atque,31
33,Summer Fresh Supermarkets,2015/04/19:06:07:04,doloribus molestias modi unde commodi sint iusto,33
34,Management& General Agent Recr,2015/08/07:09:42:13,delectus dolore alias suscipit doloremque nesciunt ad eos rerum hic ut illo! Doloribus quas aspernatur eligendi nisi ex voluptatum saepe illum ipsa alias voluptate minus earum aliquam pariatur,34
35,Christopher Schobert,2016/02/08:01:43:49,magnam quasi! Impedit numquam qui tenetur nobis quo deleniti,35
36,National Manufacturing & Distributor,2016/04/13:12:41:28,neque odio! Blanditiis architecto labore velit adipisci odio cum sequi,36
37,Richard Monke,2016/05/30:10:15:25,explicabo omnis non placeat aut delectus excepturi tempora dolorem nesciunt nemo! Cumque deleniti asperiores qui consequatur voluptatum ex placeat ipsam dolorum ipsum harum eaque ducimus necessitatibus neque sunt,37
38,An Impeccable Design,2015/06/24:11:21:46,commodi et perferendis eveniet nulla,38
39,Morgan Sales & Service,2015/10/28:02:58:37,voluptates obcaecati rerum officia. Sit exercitationem illum culpa temporibus impedit,39
42,Dollar General Store # 3390,2015/09/19:11:33:24,distinctio numquam id quas reiciendis voluptatibus facere! Quas reiciendis nisi quia quae neque molestias quasi perferendis numquam,42
43,Wellers Supermarket,2016/01/20:03:00:10,velit distinctio laboriosam autem quibusdam tenetur amet dignissimos voluptates consectetur quis deserunt necessitatibus officiis! Eligendi,43
44,Pease Lake Consultants,2016/05/12:07:42:35,ullam iure debitis illo quaerat hic sint architecto culpa perferendis nobis deserunt nihil eos numquam ut at quidem impedit adipisci incidunt,44
45,Sunny Express,2015/12/29:02:34:08,error possimus voluptas enim delectus facilis. Natus eaque eum laboriosam pariatur beatae est atque consequuntur ea. Veniam natus voluptatum maiores delectus,45
46,Alaskan Chopped Stick Company,2015/08/27:02:32:45,asperiores quae tenetur repellat fugit porro reiciendis consectetur fuga voluptates eum,46
47,Max Mara,2016/02/11:07:26:29,sit magnam eius sint ratione nemo cumque,47
48,LeetHosting.com,2015/12/13:10:15:02,similique. In corrupti illum deserunt,48
49,Matheny Enterprises LTD,2016/02/25:04:55:25,quia quo amet,49
50,Mike Switzer,2016/04/15:09:46:40,quos omnis cum molestias necessitatibus facere sequi,50
51,Quik-E Food Store,2016/04/25:05:32:43,consequuntur et iste. Qui vel,51
52,Jim's Quick Stop,2015/12/26:10:26:32,asperiores nam alias sequi nesciunt similique,52
53,Analog Productions,2016/01/12:03:12:52,atque culpa consectetur deleniti autem beatae ducimus quis unde officiis eaque id nostrum,53
54,Westnic.com,2016/03/17:03:44:18,numquam ipsum necessitatibus eveniet. Temporibus eos sunt et,54
55,Mattern Family,2015/10/14:10:58:43,qui voluptatibus nesciunt,55
56,Allied Dealers Supply Company,2015/11/16:07:43:29,ullam iure quidem veniam deleniti sint delectus,56
57,Boaz Inc.,2015/12/08:12:24:50,veritatis reprehenderit,57
58,WALLIN,2015/08/18:08:30:44,porro mollitia ipsum. Maiores laudantium soluta ratione minus odio voluptatum veritatis,58
59,A Basket Sentiment,2015/09/30:06:29:25,nesciunt amet? Provident ipsa eaque sint inventore,59
60,Jason Golden,2015/07/25:12:10:16,itaque deserunt veritatis dignissimos sequi saepe quibusdam officiis commodi necessitatibus quis qui architecto animi cum non voluptatum unde ullam! Ullam esse vitae non ipsa sit adipisci. Recusandae quos praesentium in earum dolor,60
61,Chicago Spies,2016/02/06:01:12:15,dolorem dolorum,61
62,Siecus,2015/02/13:07:09:18,similique ullam,62
63,Stephen Gilberg,2015/03/10:01:27:14,magnam commodi non vel accusantium dolore libero rem illo odio tempora reiciendis sunt dicta. Odit sapiente unde repellendus tempore facere quaerat praesentium aliquid doloribus repellat neque saepe,63
64,Mitch Brown,2015/09/17:12:52:32,id obcaecati. Possimus laborum sed placeat ipsam quidem suscipit nobis amet illo tempora quam excepturi minus blanditiis quibusdam esse voluptate corrupti tenetur reprehenderit,64
65,Bayshore Office Supply,2016/01/07:12:43:46,quo alias et. Deleniti,65
66,Advanced Life Support Institute,2015/03/25:06:43:26,nesciunt ipsam provident voluptatum voluptates dolorem non dicta totam porro aperiam. Porro,66
67,Cec Associates,2015/09/20:08:09:56,illo nobis molestias veniam. Sunt veniam obcaecati,67
68,Bruce Carr,2015/06/23:05:54:01,expedita repellat odio aut consequatur repudiandae corrupti,68
69,Timothy L. Constantine,2015/11/17:05:48:52,velit porro,69
70,Japan Shopper,2016/03/25:01:33:01,iure atque at quisquam ea reiciendis aperiam molestiae mollitia ducimus,70
71,JM SUPPLY INC,2016/04/15:03:44:30,quia blanditiis. Et,71
72,Sales Consultants Of Annapolis,2016/01/31:07:11:29,mollitia,72
73,Underground,2015/04/02:01:47:50,delectus. Reprehenderit cupiditate beatae possimus,73
74,MTN Equipment,2016/02/20:07:30:34,consectetur soluta porro repudiandae culpa,74
75,Bcc Underwriters Inc,2015/11/19:02:22:08,minus,75
76,Sinnard,2016/05/29:09:43:04,debitis commodi,76
77,ASK-US,2016/02/03:06:29:59,quam animi. Libero rerum deserunt sunt possimus quaerat voluptas enim molestias,77
78,ArPharm Biotechnology,2016/03/12:09:55:49,omnis alias inventore. Ab ducimus at officiis labore recusandae ipsam eligendi asperiores incidunt aperiam,78
79,National Vision Inc,2015/11/21:10:25:39,rem nihil,79
80,Goodys,2015/10/08:10:54:58,ipsum error quo. Aliquam nihil nulla praesentium et hic repudiandae corporis doloribus dolore! Ratione accusantium veniam eos,80
81,Jim Brygger,2016/02/26:07:37:52,officiis deleniti voluptas sapiente iste,81
82,Potomac Foods Inc,2015/10/29:02:56:29,ullam beatae doloremque aut ad labore aperiam est aspernatur eius praesentium maiores repellendus,82
83,Edward Robertson,2016/05/02:10:12:16,minima sint suscipit ea. Debitis nihil nostrum accusamus,83
84,Alpha Net Web Hosting,2016/04/21:01:55:02,sapiente consequatur molestiae corporis provident odit dolorum,84
85,Q-media Services,2016/03/10:02:29:09,maxime molestias vero ducimus autem iste itaque laudantium ratione ipsum nisi a rem. In deleniti facilis nam,85
86,Dollae General Corp,2016/03/26:09:32:06,sit minima laborum,86
87,OpAve,2015/10/07:05:54:11,laudantium voluptate id nemo impedit odio inventore rem cumque totam repellat,87
88,Business Telephone,2015/04/14:10:01:10,repudiandae,88
89,Jim Stokes,2015/02/05:12:09:42,eligendi minus saepe odit consectetur! Nisi explicabo at eaque nostrum optio rerum consequatur,89
90,Groban Supply,2015/03/13:02:53:45,et assumenda atque esse vel quidem cupiditate alias iure nobis corrupti architecto dolorum tempore libero necessitatibus cumque natus quos. Maiores,90
91,A-Tech Systems,2016/05/01:02:18:04,amet,91
92,Aero Dynamics,2016/05/04:06:23:26,architecto dolore totam porro delectus at! Minima maiores dolorem ratione perspiciatis in ad praesentium dolores architecto eligendi animi distinctio,92
93,Foxcroft Company,2016/03/20:07:14:29,alias harum doloremque nam,93
94,Cooper,2015/11/29:05:47:02,debitis ipsum. Alias ratione quisquam facere repellendus! Harum consequuntur error quasi debitis quae dolorem,94
95,Forty-Five University Place,2015/09/28:06:24:14,quas sint illum a modi ipsum quam tempore quia minus voluptate asperiores dignissimos eum perferendis dolorum optio doloremque. Unde fugiat esse commodi nesciunt ipsa,95
96,Dolgencorp Inc,2015/10/23:04:26:46,qui,96
97,Life Care Center Of Wichita,2015/12/17:02:57:15,saepe explicabo earum quidem modi,97
98,Mease,2015/06/04:08:06:27,nemo quaerat praesentium delectus repellat libero distinctio,98
99,WATSON,2016/02/09:02:01:26,soluta perferendis consequatur suscipit. Libero culpa magnam earum est accusamus rem nisi,99
100,Lisa M Curl,2015/04/28:02:10:08,eveniet,100
101,Wildwood International,2016/04/28:11:16:46,error recusandae placeat impedit quod optio doloribus facilis tempore. Impedit quia quos cum ad explicabo,101
102,Dane Boat & Rv Storage,2015/08/21:09:15:34,adipisci,102
103,Perreyclear & Associates LLC,2015/08/18:06:15:56,eveniet quis voluptas,103
104,Logli Supermarket,2015/12/16:01:59:34,tenetur delectus sint necessitatibus inventore itaque aliquam iure dolore possimus quam veniam. Ipsum facere vel cumque,104
105,Bill's Supervalue Plus,2016/02/22:10:19:59,totam nostrum assumenda a amet cupiditate labore quos,105
106,JLG Sales,2016/04/08:07:51:39,cum beatae,106
107,Gary Rugoff Sales,2016/03/08:04:47:48,ipsam optio nemo ex repellat distinctio obcaecati corporis explicabo voluptatum atque ab. Consequuntur,107
108,One Rate Phone.com,2015/07/23:06:20:51,neque aliquam error dicta. Praesentium cum odit,108
109,Able Ford Sales,2015/04/28:02:06:10,quia voluptas aliquid consectetur expedita,109
110,Mr Caleb N Jaffa,2015/11/25:05:16:43,perferendis labore voluptatum ipsum laboriosam sapiente nesciunt quod! Corrupti ratione iste ullam veniam rem,110
111,Circa,2015/05/27:05:58:36,iusto optio delectus et magni accusantium dolorem amet voluptate maxime fuga sapiente ducimus fugit vitae. Magni voluptas recusandae suscipit necessitatibus dolores mollitia deserunt sint nihil libero.,111
112,Jennifer Thompson,2016/04/17:10:37:56,Lorem ipsum dolor sit amet,112
113,Richard,2015/02/15:10:06:19,consectetur adipisicing elit. Dicta temporibus voluptatem,113
114,Bosley Rental & Supply,2016/01/14:09:31:53,incidunt accusamus magnam nisi dolorum quaerat delectus esse cupiditate hic pariatur itaque tempore at,114
115,Eric Meyer,2015/07/06:08:39:33,officiis similique veniam explicabo? Sapiente blanditiis perferendis repellendus quae adipisci sed minima,115
116,Moo Shoe Foods,2016/04/06:10:34:17,veniam,116
117,IeNAMES.com,2015/03/06:04:49:19,assumenda,117
118,Adams Development Sales,2016/04/07:08:23:06,vel officia expedita? Minima repellendus a autem neque,118
119,Harrigan Steve,2015/11/02:01:56:05,aspernatur tempore libero ducimus distinctio,119
120,Hydrotek Networks,2015/03/25:04:40:13,nobis vitae,120
121,Serving It Up,2015/12/11:12:01:35,doloribus fuga magnam consequuntur. Explicabo amet officiis reprehenderit sit nesciunt nam! Omnis,121
122,Daniels & Fry Motor Company,2016/01/04:11:07:38,deleniti nemo sit ipsa,122
123,Dental Mobile,2016/04/11:03:47:43,quaerat amet quas inventore earum laborum asperiores maiores fugiat voluptatibus. Minus officiis laborum rem in dolores et,123
124,Banctec Inc,2015/07/11:08:13:00,nihil quos asperiores illum distinctio beatae aspernatur nam,124
125,Proctor Sales,2015/04/04:11:16:16,ad itaque magni delectus minima ipsam veniam aperiam,125
126,Trinity Ceramic Supply,2015/10/15:11:02:22,dolorum repudiandae sit. Eligendi vero cum,126
127,Thriftway Supermarket,2016/04/17:07:01:34,at maxime consequatur natus soluta odit fugiat doloribus veritatis praesentium magnam ea voluptatibus,127
128,University Of Sc I2alliance Group,2015/08/03:12:46:21,alias beatae facilis unde! Tenetur commodi esse illo cumque dolor maiores omnis,128
129,Brake Supply Company Inc,2016/04/16:03:31:46,iusto vitae aliquam distinctio eos quae sapiente at voluptate ipsa vel doloribus dolores explicabo libero? Illum explicabo,129
130,Jim Wilkerson Llc,2015/11/01:06:02:46,beatae sunt quas placeat id,130
131,Desert Canyon Signs Inc,2015/09/10:11:15:40,cum provident! Delectus tempora eaque natus iusto repudiandae neque aut exercitationem voluptatem. Architecto natus asperiores accusantium a,131
132,SALES TAX SOLUTIONS,2016/01/25:07:28:26,saepe beatae,132
133,Estate Sales Plus,2016/01/07:04:54:24,harum est ullam minima rerum,133
134,Suzanne Palmer,2016/01/30:12:54:16,necessitatibus obcaecati odio dicta,134
135,Light Bulb Depot,2016/04/02:01:36:51,commodi ut culpa recusandae eius! Cumque vel error culpa. Laudantium blanditiis sunt,135
136,ESAD,2015/02/02:09:13:34,magni velit hic quas alias dolorum deleniti odit quos aperiam perferendis facere a,136
137,Alaskaone Pbs,2016/02/13:03:39:20,aspernatur delectus corporis voluptatem perspiciatis numquam,137
138,Agape Development Services,2016/01/21:06:10:29,culpa quidem praesentium maxime quae. Animi,138
139,Greatsmokeymtns.com,2016/01/19:04:20:45,eos nesciunt. Et perferendis officiis quo quasi,139
140,Hungry Moose Market,2016/01/31:10:59:03,sunt nesciunt labore tenetur,140
141,Minority Business Enterprise Sales,2015/11/04:06:28:11,esse velit voluptate veniam laudantium earum quibusdam ullam,141
142,Sonya C. Atwell,2015/07/26:09:03:28,atque,142
143,Freebearscom,2015/04/26:02:09:33,consectetur quisquam. Dolores ratione fugit,143
144,Chris Gammon,2016/05/02:04:57:36,doloribus molestias modi unde commodi sint iusto,144
145,Grace Smith,2015/08/07:11:41:25,delectus dolore alias suscipit doloremque nesciunt ad eos rerum hic ut illo! Doloribus quas aspernatur eligendi nisi ex voluptatum saepe illum ipsa alias voluptate minus earum aliquam pariatur,145
146,Dress Barn The,2015/12/02:07:45:08,magnam quasi! Impedit numquam qui tenetur nobis quo deleniti,146
147,Jason Chidester,2015/02/19:05:41:31,neque odio! Blanditiis architecto labore velit adipisci odio cum sequi,147
148,Upa,2015/11/01:04:35:46,explicabo omnis non placeat aut delectus excepturi tempora dolorem nesciunt nemo! Cumque deleniti asperiores qui consequatur voluptatum ex placeat ipsam dolorum ipsum harum eaque ducimus necessitatibus neque sunt,148
149,Merisant,2015/12/27:01:30:22,commodi et perferendis eveniet nulla,149
150,Colonial Wood Products,2015/08/15:05:55:27,voluptates obcaecati rerum officia. Sit exercitationem illum culpa temporibus impedit,150
151,Game Room Supply Of Memphis,2016/03/09:04:50:23,consequatur,151
152,Mammoth Technologies,2016/04/04:09:32:28,fugit aut,152
153,Wholesale Hunter,2015/08/01:05:59:34,distinctio numquam id quas reiciendis voluptatibus facere! Quas reiciendis nisi quia quae neque molestias quasi perferendis numquam,153
154,Cheyenne Propagation Inc,2015/08/13:10:27:31,velit distinctio laboriosam autem quibusdam tenetur amet dignissimos voluptates consectetur quis deserunt necessitatibus officiis! Eligendi,154
155,Shawn P. Hammond,2015/07/09:06:56:57,ullam iure debitis illo quaerat hic sint architecto culpa perferendis nobis deserunt nihil eos numquam ut at quidem impedit adipisci incidunt,155
156,King Cotton,2016/01/17:05:59:32,error possimus voluptas enim delectus facilis. Natus eaque eum laboriosam pariatur beatae est atque consequuntur ea. Veniam natus voluptatum maiores delectus,156
157,Society For Ecological Rstrtn,2015/08/12:08:00:05,asperiores quae tenetur repellat fugit porro reiciendis consectetur fuga voluptates eum,157
158,Ari Wibowo,2015/02/14:06:53:02,sit magnam eius sint ratione nemo cumque,158
159,Jim Perley,2015/02/25:03:05:03,similique. In corrupti illum deserunt,159
160,Gillene Company,2016/01/13:03:18:01,quia quo amet,160
161,Whole Earth Grocery,2016/02/02:10:48:23,quos omnis cum molestias necessitatibus facere sequi,161
162,AG SALES SOLUTIONS INC,2015/12/04:07:07:07,consequuntur et iste. Qui vel,162
163,Viking Supply Network,2015/08/18:05:48:52,asperiores nam alias sequi nesciunt similique,163
164,The Salvation Army,2016/03/30:07:57:16,atque culpa consectetur deleniti autem beatae ducimus quis unde officiis eaque id nostrum,164
165,Bargain Shop,2015/11/14:09:29:51,numquam ipsum necessitatibus eveniet. Temporibus eos sunt et,165
166,Filter Resources,2015/08/23:11:32:54,qui voluptatibus nesciunt,166
167,Mike Latkovic,2015/08/09:08:33:15,ullam iure quidem veniam deleniti sint delectus,167
168,Dekle Industrial Sales,2016/04/28:03:29:04,veritatis reprehenderit,168
169,Alpha Omega Sales Corp,2016/04/27:02:06:25,porro mollitia ipsum. Maiores laudantium soluta ratione minus odio voluptatum veritatis,169
170,JONES,2016/04/15:11:29:18,nesciunt amet? Provident ipsa eaque sint inventore,170
171,Arnie Payne,2015/02/28:07:49:32,itaque deserunt veritatis dignissimos sequi saepe quibusdam officiis commodi necessitatibus quis qui architecto animi cum non voluptatum unde ullam! Ullam esse vitae non ipsa sit adipisci. Recusandae quos praesentium in earum dolor,171
172,Stefan Gagne,2016/04/05:09:24:40,dolorem dolorum,172
173,Dakota Systems,2015/09/09:11:55:47,similique ullam,173
174,Robert Brown,2016/03/01:10:23:49,magnam commodi non vel accusantium dolore libero rem illo odio tempora reiciendis sunt dicta. Odit sapiente unde repellendus tempore facere quaerat praesentium aliquid doloribus repellat neque saepe,174
175,Michiana Supply Inc,2015/07/02:01:25:32,id obcaecati. Possimus laborum sed placeat ipsam quidem suscipit nobis amet illo tempora quam excepturi minus blanditiis quibusdam esse voluptate corrupti tenetur reprehenderit,175
176,Central Sales,2015/09/21:06:48:00,quo alias et. Deleniti,176
177,Clark Station,2015/10/20:01:09:45,nesciunt ipsam provident voluptatum voluptates dolorem non dicta totam porro aperiam. Porro,177
178,Wuests Inc,2016/03/23:03:51:58,illo nobis molestias veniam. Sunt veniam obcaecati,178
179,John Georges,2015/10/22:08:29:57,expedita repellat odio aut consequatur repudiandae corrupti,179
180,Chicago Avenue Discount Inc,2015/03/15:08:52:33,velit porro,180
181,contrashop,2015/10/29:07:39:53,iure atque at quisquam ea reiciendis aperiam molestiae mollitia ducimus,181
182,multishop,2016/05/28:07:29:50,quia blanditiis. Et,182
183,divashop,2015/04/19:06:07:04,mollitia,183
184,ashop,2015/08/07:09:42:13,distinctio numquam id quas reiciendis voluptatibus facere! Quas reiciendis nisi quia quae neque molestias quasi perferendis numquam,184
185,anteshop,2016/02/08:01:43:49,velit distinctio laboriosam autem quibusdam tenetur amet dignissimos voluptates consectetur quis deserunt necessitatibus officiis! Eligendi,185
186,mistishop,2016/04/13:12:41:28,ullam iure debitis illo quaerat hic sint architecto culpa perferendis nobis deserunt nihil eos numquam ut at quidem impedit adipisci incidunt,186
187,demishop,2016/05/30:10:15:25,error possimus voluptas enim delectus facilis. Natus eaque eum laboriosam pariatur beatae est atque consequuntur ea. Veniam natus voluptatum maiores delectus,187
188,skishop,2015/06/24:11:21:46,asperiores quae tenetur repellat fugit porro reiciendis consectetur fuga voluptates eum,188
189,deshop,2015/10/28:02:58:37,sit magnam eius sint ratione nemo cumque,189
190,duoshop,2015/08/21:01:41:52,similique. In corrupti illum deserunt,190
191,eashop,2015/05/21:08:28:38,quia quo amet,191
192,bioshop,2015/09/19:11:33:24,quos omnis cum molestias necessitatibus facere sequi,192
193,proshop,2016/01/20:03:00:10,consequuntur et iste. Qui vel,193
194,diashop,2016/05/12:07:42:35,asperiores nam alias sequi nesciunt similique,194
195,shopore,2015/12/29:02:34:08,atque culpa consectetur deleniti autem beatae ducimus quis unde officiis eaque id nostrum,195
196,shopalt,2015/08/27:02:32:45,numquam ipsum necessitatibus eveniet. Temporibus eos sunt et,196
197,leeshop,2016/02/11:07:26:29,qui voluptatibus nesciunt,197
198,antishop,2015/12/13:10:15:02,ullam iure quidem veniam deleniti sint delectus,198
199,protoshop,2016/02/25:04:55:25,veritatis reprehenderit,199
200,cryptoshop,2016/04/15:09:46:40,porro mollitia ipsum. Maiores laudantium soluta ratione minus odio voluptatum veritatis,200
201,electroshop,2016/04/25:05:32:43,nesciunt amet? Provident ipsa eaque sint inventore,201
202,semishop,2015/12/26:10:26:32,itaque deserunt veritatis dignissimos sequi saepe quibusdam officiis commodi necessitatibus quis qui architecto animi cum non voluptatum unde ullam! Ullam esse vitae non ipsa sit adipisci. Recusandae quos praesentium in earum dolor,202
203,skashop,2016/01/12:03:12:52,dolorem dolorum,203
204,camishop,2016/03/17:03:44:18,similique ullam,204
205,dishop,2015/10/14:10:58:43,magnam commodi non vel accusantium dolore libero rem illo odio tempora reiciendis sunt dicta. Odit sapiente unde repellendus tempore facere quaerat praesentium aliquid doloribus repellat neque saepe,205
206,preshop,2015/11/16:07:43:29,id obcaecati. Possimus laborum sed placeat ipsam quidem suscipit nobis amet illo tempora quam excepturi minus blanditiis quibusdam esse voluptate corrupti tenetur reprehenderit,206
207,ideoshop,2015/12/08:12:24:50,quo alias et. Deleniti,207
208,abashop,2015/08/18:08:30:44,nesciunt ipsam provident voluptatum voluptates dolorem non dicta totam porro aperiam. Porro,208
209,vooshop,2015/09/30:06:29:25,veritatis reprehenderit,209
210,coshop,2015/07/25:12:10:16,porro mollitia ipsum. Maiores laudantium soluta ratione minus odio voluptatum veritatis,210
211,shopoid,2016/02/06:01:12:15,nesciunt amet? Provident ipsa eaque sint inventore,211
212,avishop,2015/02/13:07:09:18,itaque deserunt veritatis dignissimos sequi saepe quibusdam officiis commodi necessitatibus quis qui architecto animi cum non voluptatum unde ullam! Ullam esse vitae non ipsa sit adipisci. Recusandae quos praesentium in earum dolor,212
213,manushop,2015/03/10:01:27:14,dolorem dolorum,213
214,rooshop,2015/09/17:12:52:32,similique ullam,214
215,kashop,2016/01/07:12:43:46,magnam commodi non vel accusantium dolore libero rem illo odio tempora reiciendis sunt dicta. Odit sapiente unde repellendus tempore facere quaerat praesentium aliquid doloribus repellat neque saepe,215
216,flishop,2015/03/25:06:43:26,id obcaecati. Possimus laborum sed placeat ipsam quidem suscipit nobis amet illo tempora quam excepturi minus blanditiis quibusdam esse voluptate corrupti tenetur reprehenderit,216
217,hemishop,2015/09/20:08:09:56,quo alias et. Deleniti,217
218,aposhop,2015/06/23:05:54:01,nesciunt ipsam provident voluptatum voluptates dolorem non dicta totam porro aperiam. Porro,218
219,isoshop,2015/11/17:05:48:52,illo nobis molestias veniam. Sunt veniam obcaecati,219
220,demoshop,2016/03/25:01:33:01,expedita repellat odio aut consequatur repudiandae corrupti,220
221,tashop,2016/04/15:03:44:30,velit porro,221
222,metashop,2016/01/31:07:11:29,iure atque at quisquam ea reiciendis aperiam molestiae mollitia ducimus,222
223,shopity,2015/04/02:01:47:50,Lorem ipsum dolor sit amet,223
224,zooshop,2016/02/20:07:30:34,consectetur adipisicing elit. Dicta temporibus voluptatem,224
225,shopend,2015/11/19:02:22:08,incidunt accusamus magnam nisi dolorum quaerat delectus esse cupiditate hic pariatur itaque tempore at,225
226,shopous,2016/05/29:09:43:04,officiis similique veniam explicabo? Sapiente blanditiis perferendis repellendus quae adipisci sed minima,226
227,perishop,2016/02/03:06:29:59,veniam,227
228,scishop,2016/03/12:09:55:49,assumenda,228
229,shopescent,2015/11/21:10:25:39,vel officia expedita? Minima repellendus a autem neque,229
230,viceshop,2015/10/08:10:54:58,aspernatur tempore libero ducimus distinctio,230
231,zashop,2016/02/26:07:37:52,nobis vitae,231
232,shopari,2015/10/29:02:56:29,doloribus fuga magnam consequuntur. Explicabo amet officiis reprehenderit sit nesciunt nam! Omnis,232
233,shoposis,2016/05/02:10:12:16,deleniti nemo sit ipsa,233
234,shopicious,2016/04/21:01:55:02,quaerat amet quas inventore earum laborum asperiores maiores fugiat voluptatibus. Minus officiis laborum rem in dolores et,234
235,teleshop,2016/03/10:02:29:09,nihil quos asperiores illum distinctio beatae aspernatur nam,235
236,aqushop,2016/03/26:09:32:06,ad itaque magni delectus minima ipsam veniam aperiam,236
237,shopation,2015/10/07:05:54:11,dolorum repudiandae sit. Eligendi vero cum,237
238,avashop,2015/04/14:10:01:10,at maxime consequatur natus soluta odit fugiat doloribus veritatis praesentium magnam ea voluptatibus,238
239,shopall,2015/02/05:12:09:42,alias beatae facilis unde! Tenetur commodi esse illo cumque dolor maiores omnis,239
240,megashop,2015/03/13:02:53:45,iusto vitae aliquam distinctio eos quae sapiente at voluptate ipsa vel doloribus dolores explicabo libero? Illum explicabo,240
241,shopile,2016/05/01:02:18:04,beatae sunt quas placeat id,241
242,shopacious,2016/05/04:06:23:26,cum provident! Delectus tempora eaque natus iusto repudiandae neque aut exercitationem voluptatem. Architecto natus asperiores accusantium a,242
243,mushop,2016/03/20:07:14:29,saepe beatae,243
244,dushop,2015/11/29:05:47:02,harum est ullam minima rerum,244
245,geoshop,2015/09/28:06:24:14,necessitatibus obcaecati odio dicta,245
246,shopose,2015/10/23:04:26:46,commodi ut culpa recusandae eius! Cumque vel error culpa. Laudantium blanditiis sunt,246
247,shopic,2015/12/17:02:57:15,magni velit hic quas alias dolorum deleniti odit quos aperiam perferendis facere a,247
248,intrashop,2015/06/04:08:06:27,aspernatur delectus corporis voluptatem perspiciatis numquam,248
249,shoper,2016/02/09:02:01:26,culpa quidem praesentium maxime quae. Animi,249
250,dynoshop,2015/04/28:02:10:08,eos nesciunt. Et perferendis officiis quo quasi,250
251,maxishop,2016/04/28:11:16:46,sunt nesciunt labore tenetur,251
252,paleoshop,2015/08/21:09:15:34,esse velit voluptate veniam laudantium earum quibusdam ullam,252
253,infrashop,2015/08/18:06:15:56,atque,253
254,ecoshop,2015/12/16:01:59:34,consectetur quisquam. Dolores ratione fugit,254
255,jashop,2016/02/22:10:19:59,doloribus molestias modi unde commodi sint iusto,255
256,shopism,2016/04/08:07:51:39,delectus dolore alias suscipit doloremque nesciunt ad eos rerum hic ut illo! Doloribus quas aspernatur eligendi nisi ex voluptatum saepe illum ipsa alias voluptate minus earum aliquam pariatur,256
257,dynashop,2016/03/08:04:47:48,magnam quasi! Impedit numquam qui tenetur nobis quo deleniti,257
258,shopive,2015/07/23:06:20:51,neque odio! Blanditiis architecto labore velit adipisci odio cum sequi,258
259,shopor,2015/04/28:02:06:10,explicabo omnis non placeat aut delectus excepturi tempora dolorem nesciunt nemo! Cumque deleniti asperiores qui consequatur voluptatum ex placeat ipsam dolorum ipsum harum eaque ducimus necessitatibus neque sunt,259
260,geshop,2015/11/25:05:16:43,commodi et perferendis eveniet nulla,260
261,shoefix,2015/05/27:05:58:36,voluptates obcaecati rerum officia. Sit exercitationem illum culpa temporibus impedit,261
262,shoenyx,2016/04/17:10:37:56,consequatur,262
263,kwishoe,2015/02/15:10:06:19,fugit aut,263
264,shoefy,2016/01/14:09:31:53,distinctio numquam id quas reiciendis voluptatibus facere! Quas reiciendis nisi quia quae neque molestias quasi perferendis numquam,264
265,shoeva,2015/07/06:08:39:33,velit distinctio laboriosam autem quibusdam tenetur amet dignissimos voluptates consectetur quis deserunt necessitatibus officiis! Eligendi,265
266,zooshoe,2016/04/06:10:34:17,ullam iure debitis illo quaerat hic sint architecto culpa perferendis nobis deserunt nihil eos numquam ut at quidem impedit adipisci incidunt,266
267,shoegen,2015/03/06:04:49:19,error possimus voluptas enim delectus facilis. Natus eaque eum laboriosam pariatur beatae est atque consequuntur ea. Veniam natus voluptatum maiores delectus,267
268,meeshoe,2016/04/07:08:23:06,asperiores quae tenetur repellat fugit porro reiciendis consectetur fuga voluptates eum,268
269,shoexo,2015/11/02:01:56:05,sit magnam eius sint ratione nemo cumque,269
270,shoefic,2015/03/25:04:40:13,similique. In corrupti illum deserunt,270
271,medishoe,2015/12/11:12:01:35,quia quo amet,271
272,oshoe,2016/01/04:11:07:38,quos omnis cum molestias necessitatibus facere sequi,272
273,dynoshoe,2016/04/11:03:47:43,consequuntur et iste. Qui vel,273
274,alishoe,2015/07/11:08:13:00,asperiores nam alias sequi nesciunt similique,274
275,semishoe,2015/04/04:11:16:16,atque culpa consectetur deleniti autem beatae ducimus quis unde officiis eaque id nostrum,275
276,shoender,2015/10/15:11:02:22,numquam ipsum necessitatibus eveniet. Temporibus eos sunt et,276
277,shoeble,2016/04/17:07:01:34,qui voluptatibus nesciunt,277
278,demoshoe,2015/08/03:12:46:21,ullam iure quidem veniam deleniti sint delectus,278
279,autoshoe,2016/04/16:03:31:46,veritatis reprehenderit,279
280,Sales Resources Consultants,2015/11/01:06:02:46,porro mollitia ipsum. Maiores laudantium soluta ratione minus odio voluptatum veritatis,280
281,SUTHERLAND ASBILL & BRENNAN LLP,2015/09/10:11:15:40,nesciunt amet? Provident ipsa eaque sint inventore,281
282,Sanchez Supply,2016/01/25:07:28:26,itaque deserunt veritatis dignissimos sequi saepe quibusdam officiis commodi necessitatibus quis qui architecto animi cum non voluptatum unde ullam! Ullam esse vitae non ipsa sit adipisci. Recusandae quos praesentium in earum dolor,282
283,Circle B,2016/01/07:04:54:24,dolorem dolorum,283
284,Gifts On A Shoestring,2016/01/30:12:54:16,similique ullam,284
285,Coopers Super Valu,2016/04/02:01:36:51,magnam commodi non vel accusantium dolore libero rem illo odio tempora reiciendis sunt dicta. Odit sapiente unde repellendus tempore facere quaerat praesentium aliquid doloribus repellat neque saepe,285
286,Cherry Hill Volkswagen,2015/02/02:09:13:34,id obcaecati. Possimus laborum sed placeat ipsam quidem suscipit nobis amet illo tempora quam excepturi minus blanditiis quibusdam esse voluptate corrupti tenetur reprehenderit,286
287,Mail Boxes ETC,2016/02/13:03:39:20,quo alias et. Deleniti,287
288,Coolsales,2016/01/21:06:10:29,nesciunt ipsam provident voluptatum voluptates dolorem non dicta totam porro aperiam. Porro,288
289,Pastel Photo Labs Inc,2016/01/19:04:20:45,veritatis reprehenderit,289
290,Voloo,2016/01/31:10:59:03,porro mollitia ipsum. Maiores laudantium soluta ratione minus odio voluptatum veritatis,290
291,shoetude,2015/11/04:06:28:11,nesciunt amet? Provident ipsa eaque sint inventore,291
292,mistishoe,2015/07/26:09:03:28,itaque deserunt veritatis dignissimos sequi saepe quibusdam officiis commodi necessitatibus quis qui architecto animi cum non voluptatum unde ullam! Ullam esse vitae non ipsa sit adipisci. Recusandae quos praesentium in earum dolor,292
293,anteshoe,2015/04/26:02:09:33,dolorem dolorum,293
294,cryptoshoe,2016/05/02:04:57:36,similique ullam,294
295,shoeboo,2015/08/07:11:41:25,magnam commodi non vel accusantium dolore libero rem illo odio tempora reiciendis sunt dicta. Odit sapiente unde repellendus tempore facere quaerat praesentium aliquid doloribus repellat neque saepe,295
296,shoelane,2015/12/02:07:45:08,id obcaecati. Possimus laborum sed placeat ipsam quidem suscipit nobis amet illo tempora quam excepturi minus blanditiis quibusdam esse voluptate corrupti tenetur reprehenderit,296
297,neoshoe,2015/02/19:05:41:31,quo alias et. Deleniti,297
298,kishoe,2015/11/01:04:35:46,nesciunt ipsam provident voluptatum voluptates dolorem non dicta totam porro aperiam. Porro,298
299,contrashoe,2015/12/27:01:30:22,illo nobis molestias veniam. Sunt veniam obcaecati,299
300,manushoe,2015/08/15:05:55:27,expedita repellat odio aut consequatur repudiandae corrupti,300
301,twishoe,2016/03/09:04:50:23,velit porro,301
302,protoshoe,2016/04/04:09:32:28,iure atque at quisquam ea reiciendis aperiam molestiae mollitia ducimus,302
303,demishoe,2015/08/01:05:59:34,quia blanditiis. Et,303
304,shoevu,2015/08/13:10:27:31,mollitia,304
305,shoedo,2015/07/09:06:56:57,delectus. Reprehenderit cupiditate beatae possimus,305
306,shoente,2016/01/17:05:59:32,consectetur soluta porro repudiandae culpa,306
307,wikishoe,2015/08/12:08:00:05,minus,307
308,shoejo,2015/02/14:06:53:02,debitis commodi,308
309,antishoe,2015/02/25:03:05:03,quam animi. Libero rerum deserunt sunt possimus quaerat voluptas enim molestias,309
310,shoevee,2016/01/13:03:18:01,omnis alias inventore. Ab ducimus at officiis labore recusandae ipsam eligendi asperiores incidunt aperiam,310
311,divashoe,2016/02/02:10:48:23,rem nihil,311
312,cogishoe,2015/12/04:07:07:07,ipsum error quo. Aliquam nihil nulla praesentium et hic repudiandae corporis doloribus dolore! Ratione accusantium veniam eos,312
313,shoezz,2015/08/18:05:48:52,officiis deleniti voluptas sapiente iste,313
314,centishoe,2016/03/30:07:57:16,ullam beatae doloremque aut ad labore aperiam est aspernatur eius praesentium maiores repellendus,314
315,vooshoe,2015/11/14:09:29:51,minima sint suscipit ea. Debitis nihil nostrum accusamus,315
316,octoshoe,2015/08/23:11:32:54,sapiente consequatur molestiae corporis provident odit dolorum,316
317,shoezu,2015/08/09:08:33:15,maxime molestias vero ducimus autem iste itaque laudantium ratione ipsum nisi a rem. In deleniti facilis nam,317
318,corashoe,2016/04/28:03:29:04,sit minima laborum,318
319,shoenoodle,2016/04/27:02:06:25,laudantium voluptate id nemo impedit odio inventore rem cumque totam repellat,319
320,shoere,2016/04/15:11:29:18,repudiandae,320
321,shoembo,2015/02/28:07:49:32,eligendi minus saepe odit consectetur! Nisi explicabo at eaque nostrum optio rerum consequatur,321
322,diashoe,2016/04/05:09:24:40,et assumenda atque esse vel quidem cupiditate alias iure nobis corrupti architecto dolorum tempore libero necessitatibus cumque natus quos. Maiores,322
323,shoedeo,2015/09/09:11:55:47,amet,323
324,retroshoe,2016/03/01:10:23:49,architecto dolore totam porro delectus at! Minima maiores dolorem ratione perspiciatis in ad praesentium dolores architecto eligendi animi distinctio,324
325,yoshoe,2015/07/02:01:25:32,alias harum doloremque nam,325
326,shoeloo,2015/09/21:06:48:00,debitis ipsum. Alias ratione quisquam facere repellendus! Harum consequuntur error quasi debitis quae dolorem,326
327,skishoe,2015/10/20:01:09:45,quas sint illum a modi ipsum quam tempore quia minus voluptate asperiores dignissimos eum perferendis dolorum optio doloremque. Unde fugiat esse commodi nesciunt ipsa,327
328,megashoe,2016/03/23:03:51:58,qui,328
329,shoenu,2015/10/22:08:29:57,saepe explicabo earum quidem modi,329
330,shoenix,2015/03/15:08:52:33,nemo quaerat praesentium delectus repellat libero distinctio,330
331,shoelium,2015/10/29:07:39:53,soluta perferendis consequatur suscipit. Libero culpa magnam earum est accusamus rem nisi,331
332,shoepe,2016/05/28:07:29:50,eveniet,332
333,amphishoe,2015/04/19:06:07:04,error recusandae placeat impedit quod optio doloribus facilis tempore. Impedit quia quos cum ad explicabo,333
334,ideoshoe,2015/08/07:09:42:13,adipisci,334
335,preshoe,2016/02/08:01:43:49,eveniet quis voluptas,335
336,quashoe,2016/04/13:12:41:28,tenetur delectus sint necessitatibus inventore itaque aliquam iure dolore possimus quam veniam. Ipsum facere vel cumque,336
337,shoelia,2016/05/30:10:15:25,totam nostrum assumenda a amet cupiditate labore quos,337
338,shoeyo,2015/06/24:11:21:46,cum beatae,338
339,avishoe,2015/10/28:02:58:37,ipsam optio nemo ex repellat distinctio obcaecati corporis explicabo voluptatum atque ab. Consequuntur,339
340,ultrashoe,2015/08/21:01:41:52,neque aliquam error dicta. Praesentium cum odit,340
341,metashoe,2015/05/21:08:28:38,quia voluptas aliquid consectetur expedita,341
342,yakishoe,2015/09/19:11:33:24,perferendis labore voluptatum ipsum laboriosam sapiente nesciunt quod! Corrupti ratione iste ullam veniam rem,342
343,idioshoe,2016/01/20:03:00:10,iusto optio delectus et magni accusantium dolorem amet voluptate maxime fuga sapiente ducimus fugit vitae. Magni voluptas recusandae suscipit necessitatibus dolores mollitia deserunt sint nihil libero.,343
344,shoezio,2016/05/12:07:42:35,deleniti nemo sit ipsa,344
345,geoshoe,2015/12/29:02:34:08,quaerat amet quas inventore earum laborum asperiores maiores fugiat voluptatibus. Minus officiis laborum rem in dolores et,345
346,shoenti,2015/08/27:02:32:45,nihil quos asperiores illum distinctio beatae aspernatur nam,346
347,infrashoe,2016/02/11:07:26:29,ad itaque magni delectus minima ipsam veniam aperiam,347
348,shoembu,2015/12/13:10:15:02,dolorum repudiandae sit. Eligendi vero cum,348
349,mushoe,2016/02/25:04:55:25,at maxime consequatur natus soluta odit fugiat doloribus veritatis praesentium magnam ea voluptatibus,349
350,agishoe,2016/04/15:09:46:40,alias beatae facilis unde! Tenetur commodi esse illo cumque dolor maiores omnis,350
351,shoeveo,2016/04/25:05:32:43,iusto vitae aliquam distinctio eos quae sapiente at voluptate ipsa vel doloribus dolores explicabo libero? Illum explicabo,351
352,trishoe,2015/12/26:10:26:32,beatae sunt quas placeat id,352
353,fashoe,2016/01/12:03:12:52,cum provident! Delectus tempora eaque natus iusto repudiandae neque aut exercitationem voluptatem. Architecto natus asperiores accusantium a,353
354,electroshoe,2016/03/17:03:44:18,saepe beatae,354
355,teleshoe,2015/10/14:10:58:43,harum est ullam minima rerum,355
356,shoemia,2015/11/16:07:43:29,necessitatibus obcaecati odio dicta,356
357,GLINTON SALES,2015/12/08:12:24:50,commodi ut culpa recusandae eius! Cumque vel error culpa. Laudantium blanditiis sunt,357
358,Gary''s Perennials,2015/08/18:08:30:44,magni velit hic quas alias dolorum deleniti odit quos aperiam perferendis facere a,358
359,Vernon Bickley,2015/09/30:06:29:25,aspernatur delectus corporis voluptatem perspiciatis numquam,359
360,Twin Cities Wrecker Sales,2015/07/25:12:10:16,culpa quidem praesentium maxime quae. Animi,360
361,Alaska Backyard,2016/02/06:01:12:15,eos nesciunt. Et perferendis officiis quo quasi,361
362,Liz Claiborne Outlet Store,2015/02/13:07:09:18,sunt nesciunt labore tenetur,362
363,kashoe,2015/03/10:01:27:14,esse velit voluptate veniam laudantium earum quibusdam ullam,363
364,duoshoe,2015/09/17:12:52:32,veritatis reprehenderit,364
365,bioshoe,2016/01/07:12:43:46,porro mollitia ipsum. Maiores laudantium soluta ratione minus odio voluptatum veritatis,365
366,shoebox,2015/03/25:06:43:26,nesciunt amet? Provident ipsa eaque sint inventore,366
367,quasishoe,2015/09/20:08:09:56,itaque deserunt veritatis dignissimos sequi saepe quibusdam officiis commodi necessitatibus quis qui architecto animi cum non voluptatum unde ullam! Ullam esse vitae non ipsa sit adipisci. Recusandae quos praesentium in earum dolor,367
368,shoetz,2015/06/23:05:54:01,dolorem dolorum,368
369,shoecero,2015/11/17:05:48:52,similique ullam,369
370,shoendo,2016/03/25:01:33:01,magnam commodi non vel accusantium dolore libero rem illo odio tempora reiciendis sunt dicta. Odit sapiente unde repellendus tempore facere quaerat praesentium aliquid doloribus repellat neque saepe,370
371,dushoe,2016/04/15:03:44:30,id obcaecati. Possimus laborum sed placeat ipsam quidem suscipit nobis amet illo tempora quam excepturi minus blanditiis quibusdam esse voluptate corrupti tenetur reprehenderit,371
372,ambishoe,2016/01/31:07:11:29,quo alias et. Deleniti,372
373,perishoe,2015/04/02:01:47:50,nesciunt ipsam provident voluptatum voluptates dolorem non dicta totam porro aperiam. Porro,373
374,scishoe,2016/02/20:07:30:34,illo nobis molestias veniam. Sunt veniam obcaecati,374
375,dynashoe,2015/11/19:02:22:08,expedita repellat odio aut consequatur repudiandae corrupti,375
376,execushoe,2016/05/29:09:43:04,velit porro,376
377,plashoe,2016/02/03:06:29:59,iure atque at quisquam ea reiciendis aperiam molestiae mollitia ducimus,377
378,ecoshoe,2016/03/12:09:55:49,quia blanditiis. Et,378
379,camishoe,2015/11/21:10:25:39,mollitia,379
380,viceshoe,2015/10/08:10:54:58,delectus. Reprehenderit cupiditate beatae possimus,380
381,shoecy,2016/02/26:07:37:52,consectetur soluta porro repudiandae culpa,381
382,suprashoe,2015/10/29:02:56:29,minus,382
383,aposhoe,2016/05/02:10:12:16,debitis commodi,383
384,hemishoe,2016/04/21:01:55:02,quam animi. Libero rerum deserunt sunt possimus quaerat voluptas enim molestias,384
385,lashoe,2016/03/10:02:29:09,omnis alias inventore. Ab ducimus at officiis labore recusandae ipsam eligendi asperiores incidunt aperiam,385
386,coshoe,2016/03/26:09:32:06,rem nihil,386
387,omnishoe,2015/10/07:05:54:11,ipsum error quo. Aliquam nihil nulla praesentium et hic repudiandae corporis doloribus dolore! Ratione accusantium veniam eos,387
388,eishoe,2015/04/14:10:01:10,officiis deleniti voluptas sapiente iste,388
389,shoezzy,2015/02/05:12:09:42,ullam beatae doloremque aut ad labore aperiam est aspernatur eius praesentium maiores repellendus,389
390,equshoe,2015/03/13:02:53:45,minima sint suscipit ea. Debitis nihil nostrum accusamus,390
391,maxishoe,2016/05/01:02:18:04,sapiente consequatur molestiae corporis provident odit dolorum,391
392,paleoshoe,2016/05/04:06:23:26,maxime molestias vero ducimus autem iste itaque laudantium ratione ipsum nisi a rem. In deleniti facilis nam,392
393,trushoe,2016/03/20:07:14:29,sit minima laborum,393
394,shoecee,2015/11/29:05:47:02,laudantium voluptate id nemo impedit odio inventore rem cumque totam repellat,394
395,skashoe,2015/09/28:06:24:14,repudiandae,395
396,shoeta,2015/10/23:04:26:46,eligendi minus saepe odit consectetur! Nisi explicabo at eaque nostrum optio rerum consequatur,396
397,pixoshoe,2015/12/17:02:57:15,et assumenda atque esse vel quidem cupiditate alias iure nobis corrupti architecto dolorum tempore libero necessitatibus cumque natus quos. Maiores,397
398,beshoe,2015/06/04:08:06:27,amet,398
399,euroshoe,2016/02/09:02:01:26,architecto dolore totam porro delectus at! Minima maiores dolorem ratione perspiciatis in ad praesentium dolores architecto eligendi animi distinctio,399
400,quishoe,2015/04/28:02:10:08,alias harum doloremque nam,400
401,epishoe,2016/04/28:11:16:46,debitis ipsum. Alias ratione quisquam facere repellendus! Harum consequuntur error quasi debitis quae dolorem,401
402,dishoe,2015/08/21:09:15:34,quas sint illum a modi ipsum quam tempore quia minus voluptate asperiores dignissimos eum perferendis dolorum optio doloremque. Unde fugiat esse commodi nesciunt ipsa,402
403,homoshoe,2015/08/18:06:15:56,qui,403
404,shoeba,2015/12/16:01:59:34,saepe explicabo earum quidem modi,404
405,shoembee,2016/02/22:10:19:59,nemo quaerat praesentium delectus repellat libero distinctio,405
406,shoemba,2016/04/08:07:51:39,soluta perferendis consequatur suscipit. Libero culpa magnam earum est accusamus rem nisi,406
407,vishoe,2016/03/08:04:47:48,eveniet,407
408,isoshoe,2015/07/23:06:20:51,error recusandae placeat impedit quod optio doloribus facilis tempore. Impedit quia quos cum ad explicabo,408
409,dieshoe,2015/04/28:02:06:10,adipisci,409
410,intrashoe,2015/11/25:05:16:43,eveniet quis voluptas,410
411,multishoe,2015/05/27:05:58:36,tenetur delectus sint necessitatibus inventore itaque aliquam iure dolore possimus quam veniam. Ipsum facere vel cumque,411
412,shoetri,2016/04/17:10:37:56,totam nostrum assumenda a amet cupiditate labore quos,412
413,socishoe,2015/02/15:10:06:19,cum beatae,413
414,rooshoe,2016/01/14:09:31:53,ipsam optio nemo ex repellat distinctio obcaecati corporis explicabo voluptatum atque ab. Consequuntur,414
415,zashoe,2015/07/06:08:39:33,neque aliquam error dicta. Praesentium cum odit,415
416,shoemm,2016/04/06:10:34:17,quia voluptas aliquid consectetur expedita,416
417,shoendu,2015/03/06:04:49:19,perferendis labore voluptatum ipsum laboriosam sapiente nesciunt quod! Corrupti ratione iste ullam veniam rem,417
418,shoelith,2016/04/07:08:23:06,iusto optio delectus et magni accusantium dolorem amet voluptate maxime fuga sapiente ducimus fugit vitae. Magni voluptas recusandae suscipit necessitatibus dolores mollitia deserunt sint nihil libero.,418
419,yashoe,2015/11/02:01:56:05,sit minima laborum,419
420,aqushoe,2015/03/25:04:40:13,laudantium voluptate id nemo impedit odio inventore rem cumque totam repellat,420
421,gradishoe,2015/12/11:12:01:35,repudiandae,421
422,proshoe,2016/01/04:11:07:38,eligendi minus saepe odit consectetur! Nisi explicabo at eaque nostrum optio rerum consequatur,422
423,pyroshoe,2016/04/11:03:47:43,et assumenda atque esse vel quidem cupiditate alias iure nobis corrupti architecto dolorum tempore libero necessitatibus cumque natus quos. Maiores,423
424,mishoe,2015/07/11:08:13:00,amet,424
425,shoedoo,2015/04/04:11:16:16,architecto dolore totam porro delectus at! Minima maiores dolorem ratione perspiciatis in ad praesentium dolores architecto eligendi animi distinctio,425
426,jashoe,2015/10/15:11:02:22,alias harum doloremque nam,426
427,hydroshoe,2016/04/17:07:01:34,debitis ipsum. Alias ratione quisquam facere repellendus! Harum consequuntur error quasi debitis quae dolorem,427
428,abashoe,2015/08/03:12:46:21,quas sint illum a modi ipsum quam tempore quia minus voluptate asperiores dignissimos eum perferendis dolorum optio doloremque. Unde fugiat esse commodi nesciunt ipsa,428
429,hyposhoe,2016/04/16:03:31:46,qui,429
430,tashoe,2015/11/01:06:02:46,saepe explicabo earum quidem modi,430
431,deshoe,2015/09/10:11:15:40,nemo quaerat praesentium delectus repellat libero distinctio,431
432,leeshoe,2016/01/25:07:28:26,soluta perferendis consequatur suscipit. Libero culpa magnam earum est accusamus rem nisi,432
433,microshoe,2016/01/07:04:54:24,eveniet,433
434,astroshoe,2016/01/30:12:54:16,error recusandae placeat impedit quod optio doloribus facilis tempore. Impedit quia quos cum ad explicabo,434
435,oyoshoe,2016/04/02:01:36:51,adipisci,435
436,ashoe,2015/02/02:09:13:34,eveniet quis voluptas,436
437,Shop Co Eye Care Center,2016/02/13:03:39:20,tenetur delectus sint necessitatibus inventore itaque aliquam iure dolore possimus quam veniam. Ipsum facere vel cumque,437
438,Jamiedickerson,2016/01/21:06:10:29,totam nostrum assumenda a amet cupiditate labore quos,438
439,A.T.M. Systems Of Ohio,2016/01/19:04:20:45,cum beatae,439
440,Suga,2016/01/31:10:59:03,ipsam optio nemo ex repellat distinctio obcaecati corporis explicabo voluptatum atque ab. Consequuntur,440
441,SUPPLY,2015/11/04:06:28:11,neque aliquam error dicta. Praesentium cum odit,441
442,Garland A. Kelley,2015/07/26:09:03:28,quia voluptas aliquid consectetur expedita,442
443,Township Of Denville,2015/04/26:02:09:33,perferendis labore voluptatum ipsum laboriosam sapiente nesciunt quod! Corrupti ratione iste ullam veniam rem,443
444,H G Hill Food Store,2016/05/02:04:57:36,iusto optio delectus et magni accusantium dolorem amet voluptate maxime fuga sapiente ducimus fugit vitae. Magni voluptas recusandae suscipit necessitatibus dolores mollitia deserunt sint nihil libero.,444
445,Kmart Distribution Ctr,2015/08/07:11:41:25,Lorem ipsum dolor sit amet,445
446,Jay C Food Store,2015/12/02:07:45:08,consectetur adipisicing elit. Dicta temporibus voluptatem,446
447,Craft Supply Of Honolulu,2015/02/19:05:41:31,incidunt accusamus magnam nisi dolorum quaerat delectus esse cupiditate hic pariatur itaque tempore at,447
448,Artistique Photo,2015/11/01:04:35:46,officiis similique veniam explicabo? Sapiente blanditiis perferendis repellendus quae adipisci sed minima,448
449,Tjx CO Inc,2015/12/27:01:30:22,veniam,449
450,LA Fruteria,2015/08/15:05:55:27,assumenda,450
451,Sears Holding Corp,2016/03/09:04:50:23,vel officia expedita? Minima repellendus a autem neque,451
452,John Pappas,2016/04/04:09:32:28,aspernatur tempore libero ducimus distinctio,452
453,Central Service And Supply,2015/08/01:05:59:34,nobis vitae,453
454,Magna-flow Environmental,2015/08/13:10:27:31,doloribus fuga magnam consequuntur. Explicabo amet officiis reprehenderit sit nesciunt nam! Omnis,454
455,Package Products,2015/07/09:06:56:57,deleniti nemo sit ipsa,455
456,Lauraville Specialty Products,2016/01/17:05:59:32,quaerat amet quas inventore earum laborum asperiores maiores fugiat voluptatibus. Minus officiis laborum rem in dolores et,456
457,flishoe,2015/08/12:08:00:05,nihil quos asperiores illum distinctio beatae aspernatur nam,457
458,aishoe,2015/02/14:06:53:02,ad itaque magni delectus minima ipsam veniam aperiam,458
459,cryoshoe,2015/02/25:03:05:03,dolorum repudiandae sit. Eligendi vero cum,459
460,geshoe,2016/01/13:03:18:01,at maxime consequatur natus soluta odit fugiat doloribus veritatis praesentium magnam ea voluptatibus,460
461,avashoe,2016/02/02:10:48:23,alias beatae facilis unde! Tenetur commodi esse illo cumque dolor maiores omnis,461
462,parashoe,2015/12/04:07:07:07,iusto vitae aliquam distinctio eos quae sapiente at voluptate ipsa vel doloribus dolores explicabo libero? Illum explicabo,462
463,unishoe,2015/08/18:05:48:52,beatae sunt quas placeat id,463
464,eashoe,2016/03/30:07:57:16,cum provident! Delectus tempora eaque natus iusto repudiandae neque aut exercitationem voluptatem. Architecto natus asperiores accusantium a,464
465,reshoe,2015/11/14:09:29:51,saepe beatae,465
466,bishoe,2015/08/23:11:32:54,harum est ullam minima rerum,466
467,Steven MacLaughlin,2015/08/09:08:33:15,necessitatibus obcaecati odio dicta,467
468,Touch Sales Services,2016/04/28:03:29:04,commodi ut culpa recusandae eius! Cumque vel error culpa. Laudantium blanditiis sunt,468
469,CDMF,2016/04/27:02:06:25,magni velit hic quas alias dolorum deleniti odit quos aperiam perferendis facere a,469
470,J H Harvey Co LLC,2016/04/15:11:29:18,aspernatur delectus corporis voluptatem perspiciatis numquam,470
471,Michael-Stephens,2015/02/28:07:49:32,culpa quidem praesentium maxime quae. Animi,471
472,AUTO MAX SALES INC,2016/04/05:09:24:40,eos nesciunt. Et perferendis officiis quo quasi,472
473,WYWU.COM,2015/09/09:11:55:47,sunt nesciunt labore tenetur,473
474,Pecan Valley Junction,2016/03/01:10:23:49,esse velit voluptate veniam laudantium earum quibusdam ullam,474
475,Dcruze,2015/07/02:01:25:32,atque,475
476,Farrell Brewing Supply,2015/09/21:06:48:00,consectetur quisquam. Dolores ratione fugit,476
477,Express Mart,2015/10/20:01:09:45,doloribus molestias modi unde commodi sint iusto,477
478,Jomar Sales,2016/03/23:03:51:58,delectus dolore alias suscipit doloremque nesciunt ad eos rerum hic ut illo! Doloribus quas aspernatur eligendi nisi ex voluptatum saepe illum ipsa alias voluptate minus earum aliquam pariatur,478
479,Republic Of Anodyne,2015/10/22:08:29:57,magnam quasi! Impedit numquam qui tenetur nobis quo deleniti,479
480,Plaza De Espana,2015/03/15:08:52:33,neque odio! Blanditiis architecto labore velit adipisci odio cum sequi,480
481,Transcontinental Trade & Finance Corporation,2015/10/29:07:39:53,explicabo omnis non placeat aut delectus excepturi tempora dolorem nesciunt nemo! Cumque deleniti asperiores qui consequatur voluptatum ex placeat ipsam dolorum ipsum harum eaque ducimus necessitatibus neque sunt,481
482,Tanya Schuler,2016/05/28:07:29:50,commodi et perferendis eveniet nulla,482
483,Lallatin Food Town,2015/04/19:06:07:04,voluptates obcaecati rerum officia. Sit exercitationem illum culpa temporibus impedit,483
484,Ribbon Store,2015/08/07:09:42:13,consequatur,484
485,Aguilar Gonzalo P E,2016/02/08:01:43:49,fugit aut,485
486,Netlinx,2016/04/13:12:41:28,distinctio numquam id quas reiciendis voluptatibus facere! Quas reiciendis nisi quia quae neque molestias quasi perferendis numquam,486
487,Visionary Concepts,2016/05/30:10:15:25,velit distinctio laboriosam autem quibusdam tenetur amet dignissimos voluptates consectetur quis deserunt necessitatibus officiis! Eligendi,487
488,A To Z Rental And Sales,2015/06/24:11:21:46,ullam iure debitis illo quaerat hic sint architecto culpa perferendis nobis deserunt nihil eos numquam ut at quidem impedit adipisci incidunt,488
489,Scott Boyer,2015/10/28:02:58:37,error possimus voluptas enim delectus facilis. Natus eaque eum laboriosam pariatur beatae est atque consequuntur ea. Veniam natus voluptatum maiores delectus,489
490,BARRINGTON MOTOR SALES,2015/08/21:01:41:52,asperiores quae tenetur repellat fugit porro reiciendis consectetur fuga voluptates eum,490
491,Breaktime,2015/05/21:08:28:38,sit magnam eius sint ratione nemo cumque,491
492,As Seen On TV,2015/09/19:11:33:24,similique. In corrupti illum deserunt,492
493,US Gates & Supply,2016/01/20:03:00:10,quia quo amet,493
494,Triple T Foods,2016/05/12:07:42:35,quos omnis cum molestias necessitatibus facere sequi,494
495,Steven H. Podowitz,2015/12/29:02:34:08,consequuntur et iste. Qui vel,495
496,Theresa Lindstrom,2015/08/27:02:32:45,asperiores nam alias sequi nesciunt similique,496
497,Auto,2016/02/11:07:26:29,atque culpa consectetur deleniti autem beatae ducimus quis unde officiis eaque id nostrum,497
498,Chex Finer Foods Inc,2015/12/13:10:15:02,numquam ipsum necessitatibus eveniet. Temporibus eos sunt et,498
499,Al's Locksmith,2016/02/25:04:55:25,qui voluptatibus nesciunt,499
500,Accurate Choices,2016/04/15:09:46:40,ullam iure quidem veniam deleniti sint delectus,500
